user10,pw10,10,442863003,2323,kguigb@gmail.com,ela,20,male,70,nothing ,4
user100,pw100,100,778492970,16622,email00@gmail.com,Dana,21,female,475,nothing ,56
user11,pw11,11,446592225,3765,email1@gmail.com,Lelia,22,male,74,good day,5
user12,pw12,12,450321447,3910,email2@gmail.com,Una,23,female,79,null,5
user13,pw13,13,454050669,4054,email3@gmail.com,Eva,24,male,83,nothing ,5
user14,pw14,14,457779891,4199,email4@gmail.com,Mammie,25,female,88,good day,4
user15,pw15,15,461509112,4343,email5@gmail.com,Jeannetta,26,male,92,null,4
user16,pw16,16,465238334,4488,email6@gmail.com,Elbert,27,female,97,nothing ,3
user17,pw17,17,468967556,4632,email7@gmail.com,Lenny,28,male,101,good day,3
user18,pw18,18,472696778,4777,email8@gmail.com,Mira,29,female,106,null,2
user19,pw19,19,476426000,4921,email9@gmail.com,Cathern,30,male,110,nothing ,4
user2,pw2,2,,2314,yrydv@gmail.com,CK,31,female,56,ll,6
user20,pw20,20,480155222,5066,email0@gmail.com,Malcom,32,male,115,good day,4
user21,pw21,21,483884444,5210,email1@gmail.com,Monroe,33,female,119,null,5
user22,pw22,22,487613665,5354,email2@gmail.com,Leota,34,male,124,nothing ,6
user23,pw23,23,491342887,5499,email3@gmail.com,Berry,35,female,128,good day,6
user24,pw24,24,495072109,5643,email4@gmail.com,Meghan,20,male,133,null,7
user25,pw25,25,498801331,5788,email5@gmail.com,Mike,21,female,137,nothing ,8
user26,pw26,26,502530553,5932,email6@gmail.com,Elsa,22,male,142,good day,8
user27,pw27,27,506259775,6077,email7@gmail.com,Linwood,23,female,146,null,9
user28,pw28,28,509988997,6221,email8@gmail.com,Latosha,24,male,151,nothing ,10
user29,pw29,29,513718218,6366,email9@gmail.com,Alexia,25,female,155,good day,10
user3,pw3,3,415934534,3151,kjhkiukj@gmail.com,royal,26,male,31,good man,6
user30,pw30,30,517447440,6510,email0@gmail.com,Graham,27,female,160,null,11
user31,pw31,31,521176662,6655,email1@gmail.com,Elinore,28,male,164,nothing ,11
user32,pw32,32,524905884,6799,email2@gmail.com,Lisbeth,29,female,169,good day,12
user33,pw33,33,528635106,6944,email3@gmail.com,Eloisa,30,male,173,null,13
user34,pw34,34,532364328,7088,email4@gmail.com,Shawana,31,female,178,nothing ,13
user35,pw35,35,536093550,7232,email5@gmail.com,Alyssa,32,male,182,good day,14
user36,pw36,36,539822771,7377,email6@gmail.com,Kyoko,33,female,187,null,15
user37,pw37,37,543551993,7521,email7@gmail.com,Terry,34,male,191,nothing ,15
user38,pw38,38,547281215,7666,email8@gmail.com,Sena,35,female,196,good day,16
user39,pw39,39,551010437,7810,email9@gmail.com,Cristen,36,male,200,null,17
user4,pw4,4,415929923,1234,iyitb@gmail.com,peter,37,female,65,a good boy,7
user40,pw40,40,554739659,7955,email0@gmail.com,Lashawn,38,male,205,nothing ,17
user41,pw41,41,558468881,8099,email1@gmail.com,Wade,39,female,209,good day,18
user42,pw42,42,562198103,8244,email2@gmail.com,Whitney,40,male,214,null,19
user43,pw43,43,565927324,8388,email3@gmail.com,Deja,41,female,218,nothing ,19
user44,pw44,44,569656546,8533,email4@gmail.com,Earnestine,42,male,223,good day,20
user45,pw45,45,573385768,8677,email5@gmail.com,Frankie,23,female,227,null,21
user46,pw46,46,577114990,8821,email6@gmail.com,Paola,24,male,232,nothing ,21
user47,pw47,47,580844212,8966,email7@gmail.com,Rodrigo,25,female,236,good day,22
user48,pw48,48,584573434,9110,email8@gmail.com,Luther,26,male,241,null,23
user49,pw49,49,588302656,9255,email9@gmail.com,Casey,27,female,245,nothing ,23
user5,pw5,5,423749273,3123,ukjn@gmail.com,logan,28,male,23,superhero,3
user50,pw50,50,592031877,9399,email0@gmail.com,Ressie,29,female,250,good day,24
user51,pw51,51,595761099,9544,email1@gmail.com,Sean,30,male,254,null,24
user52,pw52,52,599490321,9688,email2@gmail.com,Celestina,31,female,259,nothing ,25
user53,pw53,53,603219543,9833,email3@gmail.com,Maira,32,male,263,good day,26
user54,pw54,54,606948765,9977,email4@gmail.com,Beth,33,female,268,null,26
user55,pw55,55,610677987,10122,email5@gmail.com,Wei,34,male,272,nothing ,27
user56,pw56,56,614407209,10266,email6@gmail.com,Melissia,35,female,277,good day,28
user57,pw57,57,618136430,10410,email7@gmail.com,Letha,36,male,281,null,28
user58,pw58,58,621865652,10555,email8@gmail.com,Isaac,37,female,286,nothing ,29
user59,pw59,59,625594874,10699,email9@gmail.com,Kristine,38,male,290,good day,30
user6,pw6,6,446343243,,,pual,39,female,100,lol,5
user60,pw60,60,629324096,10844,email0@gmail.com,Odette,40,male,295,null,30
user61,pw61,61,633053318,10988,email1@gmail.com,Hobert,41,female,299,nothing ,31
user62,pw62,62,636782540,11133,email2@gmail.com,Isadora,42,male,304,good day,32
user63,pw63,63,640511762,11277,email3@gmail.com,Emily,43,female,308,null,32
user64,pw64,64,644240983,11422,email4@gmail.com,Desire,44,male,313,nothing ,33
user65,pw65,65,647970205,11566,email5@gmail.com,Rosalind,45,female,317,good day,34
user66,pw66,66,651699427,11711,email6@gmail.com,Vernell,46,male,322,null,34
user67,pw67,67,655428649,11855,email7@gmail.com,Micheline,47,female,326,nothing ,35
user68,pw68,68,659157871,12000,email8@gmail.com,Nathan,48,male,331,good day,36
user69,pw69,69,662887093,12144,email9@gmail.com,Allene,49,female,335,null,36
user7,pw7,7,418634523,1232,itiggv@gmail.com,raen,22,male,32,0,9
user70,pw70,70,666616315,12288,email0@gmail.com,Julie,23,female,340,nothing ,37
user71,pw71,71,670345536,12433,email1@gmail.com,Francisca,24,male,344,good day,38
user72,pw72,72,674074758,12577,email2@gmail.com,Marisha,25,female,349,null,38
user73,pw73,73,677803980,12722,email3@gmail.com,Telma,26,male,353,nothing ,39
user74,pw74,74,681533202,12866,email4@gmail.com,Luke,27,female,358,good day,39
user75,pw75,75,685262424,13011,email5@gmail.com,Hubert,28,male,362,null,40
user76,pw76,76,688991646,13155,email6@gmail.com,Janella,29,female,367,nothing ,41
user77,pw77,77,692720868,13300,email7@gmail.com,Angelo,30,male,371,good day,41
user78,pw78,78,696450089,13444,email8@gmail.com,Tran,31,female,376,null,42
user79,pw79,79,700179311,13589,email9@gmail.com,Reynalda,32,male,380,nothing ,43
user8,pw8,8,435897533,,jhjkn@gmail.com,phil,33,female,61,good day,4
user80,pw80,80,703908533,13733,email0@gmail.com,Salley,34,male,385,good day,43
user81,pw81,81,707637755,13877,email1@gmail.com,Cheryll,35,female,389,null,44
user82,pw82,82,711366977,14022,email2@gmail.com,Crista,36,male,394,nothing ,45
user83,pw83,83,715096199,14166,email3@gmail.com,Lino,37,female,398,good day,45
user84,pw84,84,718825421,14311,email4@gmail.com,Galen,38,male,403,null,46
user85,pw85,85,722554642,14455,email5@gmail.com,Gilbert,39,female,407,nothing ,47
user86,pw86,86,726283864,14600,email6@gmail.com,Whitney,40,male,412,good day,47
user87,pw87,87,730013086,14744,email7@gmail.com,Socorro,41,female,416,null,48
user88,pw88,88,733742308,14889,email8@gmail.com,Mauricio,42,male,421,nothing ,49
user89,pw89,89,737471530,15033,email9@gmail.com,Phillip,43,female,425,good day,49
user9,pw9,9,439133781,6745,fvdfgvi@gmail.com,toney,44,male,65,null,8
user90,pw90,90,741200752,15178,email0@gmail.com,Gilberto,45,female,430,null,50
user91,pw91,91,744929974,15322,email1@gmail.com,Thad,46,male,434,nothing ,51
user92,pw92,92,748659195,15466,email2@gmail.com,Bambi,47,female,439,good day,51
user93,pw93,93,752388417,15611,email3@gmail.com,Marshall,48,male,443,null,52
user94,pw94,94,756117639,15755,email4@gmail.com,Chery,49,female,448,nothing ,53
user95,pw95,95,759846861,15900,email5@gmail.com,Eileen,50,male,452,good day,53
user96,pw96,96,763576083,16044,email6@gmail.com,Melita,51,female,457,null,54
user97,pw97,97,767305305,16189,email7@gmail.com,Ashley,52,male,461,nothing ,54
user98,pw98,98,771034527,16333,email8@gmail.com,Laila,53,female,466,good day,55
user99,pw99,99,774763748,16478,email9@gmail.com,Bobbie,54,male,470,null,56
